{
    "KNN": {
        "1": {
            "brute": {
                "test": 0.9663636363636363
            }
        },
        "2": {
            "brute": {
                "test": 0.9686363636363636
            }
        },
        "3": {
            "brute": {
                "test": 0.9736363636363636
            }
        },
        "4": {
            "brute": {
                "test": 0.9727272727272728
            }
        },
        "5": {
            "brute": {
                "test": 0.9740909090909091
            }
        },
        "6": {
            "brute": {
                "test": 0.9731818181818181
            }
        },
        "7": {
            "brute": {
                "test": 0.9722727272727273
            }
        },
        "8": {
            "brute": {
                "test": 0.9722727272727273
            }
        },
        "9": {
            "brute": {
                "test": 0.9713636363636363
            }
        },
        "10": {
            "brute": {
                "test": 0.9709090909090909
            }
        }
    }
}