{
    "SVC": {
        "linear": {
            "test": 0.9818181818181818
        },
        "poly": {
            "test": 0.9318181818181818
        },
        "rbf": {
            "test": 0.9545454545454546
        },
        "sigmoid": {
            "test": 0.9818181818181818
        }
    }
}